87.247.19.126,53353,KZ,Kazakhstan,elite proxy,no,no,11 seconds ago
77.48.23.199,57842,CZ,Czech Republic,elite proxy,no,no,11 seconds ago
124.41.211.196,36084,NP,Nepal,elite proxy,no,no,11 seconds ago
118.172.201.105,46558,TH,Thailand,elite proxy,no,yes,11 seconds ago
5.63.165.178,40561,AM,Armenia,elite proxy,no,yes,11 seconds ago
94.16.120.18,5555,DE,Germany,elite proxy,no,yes,11 seconds ago
193.19.165.222,53281,PL,Poland,elite proxy,no,yes,11 seconds ago
36.66.218.121,35004,ID,Indonesia,elite proxy,no,no,11 seconds ago
36.91.44.243,37927,ID,Indonesia,elite proxy,no,no,11 seconds ago
78.60.130.181,37968,LT,Lithuania,elite proxy,no,yes,11 seconds ago
103.87.169.191,31094,IN,India,elite proxy,no,yes,11 seconds ago
197.210.217.66,36188,NG,Nigeria,elite proxy,no,no,11 seconds ago
213.159.248.165,40582,UA,Ukraine,elite proxy,no,yes,11 seconds ago
3.84.27.209,8080,US,United States,anonymous,no,no,11 seconds ago
114.134.186.59,39777,KH,Cambodia,elite proxy,no,no,11 seconds ago
5.8.203.76,48026,RU,Russian Federation,elite proxy,no,yes,11 seconds ago
190.186.1.46,61209,BO,Bolivia,elite proxy,no,yes,11 seconds ago
5.9.218.109,1080,DE,Germany,elite proxy,no,yes,11 seconds ago
103.208.200.222,46706,IN,India,elite proxy,no,no,11 seconds ago
165.0.75.137,8080,ZA,South Africa,elite proxy,no,no,11 seconds ago
110.74.222.213,52733,KH,Cambodia,elite proxy,no,yes,11 seconds ago
124.41.243.72,44716,NP,Nepal,elite proxy,no,no,11 seconds ago
78.62.214.242,60678,LT,Lithuania,elite proxy,no,no,11 seconds ago
202.137.10.179,57338,ID,Indonesia,elite proxy,no,yes,11 seconds ago
202.93.228.150,39081,ID,Indonesia,transparent,no,no,11 seconds ago
101.109.83.194,8080,TH,Thailand,transparent,no,no,11 seconds ago
122.176.65.143,39859,IN,India,elite proxy,no,yes,11 seconds ago
128.199.179.45,8080,SG,Singapore,elite proxy,no,no,11 seconds ago
188.166.86.252,8118,NL,Netherlands,elite proxy,no,no,11 seconds ago
103.83.99.69,3128,ID,Indonesia,anonymous,no,yes,11 seconds ago
95.79.43.218,8080,RU,Russian Federation,transparent,no,no,11 seconds ago
95.156.125.190,41870,RU,Russian Federation,elite proxy,no,no,11 seconds ago
1.10.189.68,60400,TH,Thailand,elite proxy,no,yes,11 seconds ago
103.212.92.254,38448,IN,India,elite proxy,no,no,11 seconds ago
139.99.105.186,80,SG,Singapore,anonymous,no,yes,11 seconds ago
182.53.96.215,32441,TH,Thailand,elite proxy,no,no,11 seconds ago
88.200.63.190,80,SI,Slovenia,elite proxy,no,no,11 seconds ago
103.220.207.242,54349,BD,Bangladesh,elite proxy,no,no,28 seconds ago
131.221.253.178,23500,BR,Brazil,elite proxy,no,yes,28 seconds ago
109.167.113.9,59606,ES,Spain,elite proxy,no,yes,28 seconds ago
88.119.145.9,8080,LT,Lithuania,transparent,no,no,28 seconds ago
41.60.216.153,8080,ZM,Zambia,transparent,no,no,28 seconds ago
200.73.129.85,3128,AR,Argentina,anonymous,no,no,28 seconds ago
86.62.120.68,3128,RU,Russian Federation,transparent,no,no,28 seconds ago
125.209.123.186,8080,PK,Pakistan,transparent,no,no,28 seconds ago
181.48.111.246,49094,CO,Colombia,elite proxy,no,yes,28 seconds ago
78.92.244.140,8080,HU,Hungary,transparent,no,no,28 seconds ago
45.6.136.247,53281,BR,Brazil,elite proxy,no,yes,28 seconds ago
200.89.178.196,80,AR,Argentina,anonymous,no,no,28 seconds ago
200.116.198.180,43407,CO,Colombia,elite proxy,no,yes,28 seconds ago
202.80.231.67,8080,TH,Thailand,transparent,no,no,28 seconds ago
181.52.237.106,58484,CO,Colombia,elite proxy,no,yes,28 seconds ago
51.79.51.43,8080,CA,Canada,anonymous,no,no,28 seconds ago
45.173.128.21,8080,CL,Chile,anonymous,no,no,28 seconds ago
109.238.222.5,48487,CZ,Czech Republic,elite proxy,no,yes,28 seconds ago
197.211.238.220,54675,ZW,Zimbabwe,elite proxy,no,no,28 seconds ago
94.130.20.85,31288,DE,Germany,anonymous,no,yes,28 seconds ago
80.187.140.26,8080,DE,Germany,anonymous,no,yes,28 seconds ago
200.84.164.40,8080,VE,Venezuela,transparent,no,no,28 seconds ago
45.173.129.29,8080,CL,Chile,anonymous,no,no,28 seconds ago
200.89.178.208,3128,AR,Argentina,anonymous,no,no,28 seconds ago
85.238.167.170,42397,AT,Austria,elite proxy,no,yes,28 seconds ago
52.139.4.119,80,CA,Canada,anonymous,no,no,28 seconds ago
187.41.153.133,8080,BR,Brazil,elite proxy,no,yes,28 seconds ago
178.20.137.178,43980,CZ,Czech Republic,elite proxy,no,yes,28 seconds ago
45.64.99.25,8080,ID,Indonesia,anonymous,no,yes,28 seconds ago
213.216.48.9,42370,CZ,Czech Republic,elite proxy,no,no,28 seconds ago
200.69.236.205,1080,AR,Argentina,anonymous,no,no,28 seconds ago
51.79.53.10,80,CA,Canada,anonymous,no,no,28 seconds ago
91.214.31.234,8080,UA,Ukraine,transparent,no,no,28 seconds ago
200.229.236.114,37739,BR,Brazil,elite proxy,no,no,28 seconds ago
102.23.242.15,8080,ZA,South Africa,transparent,no,no,28 seconds ago
18.229.45.60,8080,BR,Brazil,anonymous,no,no,28 seconds ago
187.87.204.210,45597,BR,Brazil,elite proxy,no,yes,28 seconds ago
88.255.217.166,8080,TR,Turkey,transparent,no,no,28 seconds ago
182.160.124.26,47304,BD,Bangladesh,elite proxy,no,yes,28 seconds ago
31.192.42.150,60174,GE,Georgia,elite proxy,no,yes,28 seconds ago
190.152.223.2,37994,EC,Ecuador,elite proxy,no,no,28 seconds ago
159.138.21.170,80,HK,Hong Kong,anonymous,no,no,28 seconds ago
190.166.249.44,38403,DO,Dominican Republic,elite proxy,no,no,28 seconds ago
176.119.134.115,23500,ES,Spain,elite proxy,no,no,28 seconds ago
27.123.255.82,30029,BD,Bangladesh,elite proxy,no,yes,28 seconds ago
200.89.159.192,80,AR,Argentina,anonymous,no,no,28 seconds ago
138.219.223.166,3128,BR,Brazil,transparent,no,no,28 seconds ago
221.126.249.99,8080,HK,Hong Kong,elite proxy,no,no,28 seconds ago
103.79.183.157,53281,BD,Bangladesh,elite proxy,no,yes,28 seconds ago
181.143.157.242,50942,CO,Colombia,elite proxy,no,yes,28 seconds ago
138.122.140.35,3128,BR,Brazil,anonymous,no,yes,28 seconds ago
181.112.216.54,41977,EC,Ecuador,elite proxy,no,no,28 seconds ago
178.213.130.159,60253,AM,Armenia,elite proxy,no,no,28 seconds ago
52.139.83.249,80,CA,Canada,anonymous,no,no,28 seconds ago
78.130.145.167,40406,BG,Bulgaria,elite proxy,no,yes,28 seconds ago
187.94.31.237,33296,BR,Brazil,elite proxy,no,yes,28 seconds ago
176.227.188.66,53281,RU,Russian Federation,transparent,no,no,28 seconds ago
81.23.32.47,443,FR,France,anonymous,no,yes,28 seconds ago
191.234.166.4,8080,BR,Brazil,anonymous,no,no,28 seconds ago
185.134.23.172,80,GB,United Kingdom,anonymous,no,no,28 seconds ago
27.147.136.178,47678,BD,Bangladesh,elite proxy,no,yes,28 seconds ago
36.89.191.151,43218,ID,Indonesia,elite proxy,no,no,28 seconds ago
45.115.55.115,8080,IN,India,transparent,no,no,28 seconds ago
180.183.111.228,8080,TH,Thailand,transparent,no,no,28 seconds ago
202.44.193.6,8080,TH,Thailand,transparent,no,no,28 seconds ago
45.64.87.233,8080,IN,India,transparent,no,no,28 seconds ago
85.52.217.114,52055,ES,Spain,elite proxy,no,yes,28 seconds ago
200.225.140.130,61021,BR,Brazil,elite proxy,no,yes,28 seconds ago
52.67.193.208,8080,BR,Brazil,anonymous,no,no,28 seconds ago
200.89.174.64,8080,AR,Argentina,anonymous,no,no,28 seconds ago
181.188.166.74,8080,BO,Bolivia,transparent,no,no,28 seconds ago
173.212.202.65,80,DE,Germany,elite proxy,no,no,28 seconds ago
52.139.3.203,80,CA,Canada,anonymous,no,no,28 seconds ago
45.235.98.145,3128,AR,Argentina,anonymous,no,no,28 seconds ago
200.89.178.214,3128,AR,Argentina,anonymous,no,no,28 seconds ago
187.45.123.118,8080,BR,Brazil,transparent,no,no,28 seconds ago
202.162.201.94,53281,ID,Indonesia,elite proxy,no,yes,28 seconds ago
191.103.254.145,47324,CO,Colombia,elite proxy,no,no,28 seconds ago
114.4.105.48,8080,ID,Indonesia,transparent,no,no,28 seconds ago
83.228.74.251,32384,BG,Bulgaria,elite proxy,no,no,28 seconds ago
181.189.221.245,42407,AR,Argentina,elite proxy,no,no,28 seconds ago
181.198.97.241,30072,EC,Ecuador,elite proxy,no,yes,28 seconds ago
89.248.244.182,8080,CZ,Czech Republic,elite proxy,no,yes,28 seconds ago
103.28.121.58,80,BD,Bangladesh,anonymous,no,yes,28 seconds ago
200.89.178.209,8080,AR,Argentina,anonymous,no,no,28 seconds ago
171.5.208.248,8080,TH,Thailand,transparent,no,no,1 minute ago
14.207.21.152,8080,TH,Thailand,transparent,no,no,1 minute ago
118.174.232.128,45019,TH,Thailand,transparent,no,no,2 minutes ago
46.161.139.37,48804,RU,Russian Federation,transparent,no,no,2 minutes ago
103.87.236.94,8080,BD,Bangladesh,transparent,no,no,3 minutes ago
182.253.201.26,8080,ID,Indonesia,transparent,no,no,5 minutes ago
182.253.6.4,8080,ID,Indonesia,transparent,no,no,5 minutes ago
183.88.132.101,8080,TH,Thailand,transparent,no,no,5 minutes ago
101.255.120.249,54225,ID,Indonesia,transparent,no,no,6 minutes ago
78.140.6.68,53281,RU,Russian Federation,transparent,no,no,7 minutes ago
66.181.167.88,8080,MN,Mongolia,transparent,no,no,7 minutes ago
117.212.92.141,8080,IN,India,transparent,no,no,7 minutes ago
181.113.225.114,8080,EC,Ecuador,transparent,no,no,7 minutes ago
41.162.52.11,8080,ZA,South Africa,transparent,no,no,7 minutes ago
70.165.65.233,48678,US,United States,transparent,no,no,7 minutes ago
131.255.135.8,8080,BR,Brazil,transparent,no,no,7 minutes ago
223.205.61.153,8080,TH,Thailand,transparent,no,no,11 minutes ago
186.183.220.186,8080,CO,Colombia,transparent,no,no,11 minutes ago
125.26.108.170,61637,TH,Thailand,elite proxy,no,yes,11 minutes ago
195.4.164.127,8080,DE,Germany,anonymous,no,yes,11 minutes ago
103.26.95.142,8080,TL,Timor-Leste,transparent,no,no,11 minutes ago
169.159.150.195,8080,ZA,South Africa,anonymous,no,yes,11 minutes ago
193.37.192.243,8080,UA,Ukraine,transparent,no,no,11 minutes ago
103.29.90.134,8080,MM,Myanmar,transparent,no,no,11 minutes ago
176.113.157.149,31195,UA,Ukraine,elite proxy,no,yes,11 minutes ago
104.248.25.240,8118,DE,Germany,elite proxy,no,yes,11 minutes ago
190.202.22.129,3128,VE,Venezuela,transparent,no,no,11 minutes ago
103.240.161.109,6666,IN,India,elite proxy,no,no,12 minutes ago
213.172.156.167,31893,ZA,South Africa,transparent,no,no,12 minutes ago
194.213.43.166,38170,CZ,Czech Republic,elite proxy,no,yes,12 minutes ago
148.251.200.196,1080,DE,Germany,elite proxy,no,no,12 minutes ago
113.130.126.212,55763,KH,Cambodia,elite proxy,no,no,12 minutes ago
178.75.27.131,41879,RU,Russian Federation,elite proxy,no,yes,12 minutes ago
185.59.245.199,41258,RU,Russian Federation,elite proxy,no,no,12 minutes ago
139.255.96.133,53281,ID,Indonesia,elite proxy,no,no,12 minutes ago
54.38.33.2,80,FR,France,elite proxy,no,no,12 minutes ago
110.74.222.106,52247,KH,Cambodia,elite proxy,no,yes,12 minutes ago
31.209.97.66,57482,CY,Cyprus,elite proxy,no,no,12 minutes ago
103.83.205.57,38992,BD,Bangladesh,elite proxy,no,no,12 minutes ago
62.122.201.241,46176,UA,Ukraine,elite proxy,no,no,12 minutes ago
37.57.216.2,2222,UA,Ukraine,elite proxy,no,yes,12 minutes ago
197.53.142.126,8080,EG,Egypt,elite proxy,no,no,12 minutes ago
27.2.7.59,52148,VN,Vietnam,elite proxy,no,yes,12 minutes ago
181.196.205.250,44321,EC,Ecuador,elite proxy,no,no,12 minutes ago
201.62.56.49,35816,BR,Brazil,elite proxy,no,no,12 minutes ago
182.52.238.118,50390,TH,Thailand,elite proxy,no,no,12 minutes ago
45.115.63.78,55443,IN,India,elite proxy,no,no,12 minutes ago
200.110.174.130,8080,CO,Colombia,anonymous,no,yes,12 minutes ago
138.68.8.149,8118,US,United States,anonymous,no,no,12 minutes ago
36.89.182.193,39382,ID,Indonesia,elite proxy,no,yes,12 minutes ago
125.26.7.115,30012,TH,Thailand,elite proxy,no,yes,12 minutes ago
103.94.121.27,60109,ID,Indonesia,elite proxy,no,yes,12 minutes ago
78.46.40.206,8118,DE,Germany,transparent,no,no,12 minutes ago
193.59.27.71,36748,PL,Poland,elite proxy,no,no,12 minutes ago
114.134.191.194,31867,KH,Cambodia,elite proxy,no,no,12 minutes ago
94.130.125.218,1080,DE,Germany,elite proxy,no,yes,14 minutes ago
185.204.208.78,8080,FR,France,elite proxy,no,yes,14 minutes ago
185.85.219.74,61068,RU,Russian Federation,elite proxy,no,yes,14 minutes ago
103.15.242.214,47424,ID,Indonesia,elite proxy,no,yes,14 minutes ago
103.58.249.194,23500,IN,India,elite proxy,no,yes,14 minutes ago
80.87.184.49,41258,CZ,Czech Republic,elite proxy,no,yes,14 minutes ago
114.134.190.230,37294,KH,Cambodia,elite proxy,no,yes,14 minutes ago
154.127.32.89,60020,BJ,Benin,elite proxy,no,yes,14 minutes ago
36.66.242.146,43936,ID,Indonesia,elite proxy,no,yes,14 minutes ago
103.21.160.10,35101,IN,India,elite proxy,no,yes,14 minutes ago
198.50.152.64,23500,US,United States,elite proxy,no,yes,14 minutes ago
103.215.177.181,3127,ID,Indonesia,anonymous,no,yes,14 minutes ago
36.67.42.39,35273,ID,Indonesia,elite proxy,no,yes,14 minutes ago
187.120.253.119,30181,BR,Brazil,elite proxy,no,yes,14 minutes ago
182.53.206.26,45336,TH,Thailand,elite proxy,no,yes,14 minutes ago
163.53.209.7,6666,IN,India,elite proxy,no,yes,14 minutes ago
176.110.121.90,21776,RU,Russian Federation,elite proxy,no,yes,14 minutes ago
204.15.243.233,58159,US,United States,elite proxy,no,yes,14 minutes ago
46.8.28.17,8080,UA,Ukraine,elite proxy,no,yes,14 minutes ago
190.57.143.66,50719,EC,Ecuador,elite proxy,no,yes,14 minutes ago
62.122.201.246,60619,UA,Ukraine,elite proxy,no,yes,14 minutes ago
85.187.245.115,53281,BG,Bulgaria,elite proxy,no,yes,14 minutes ago
192.199.53.131,51650,CA,Canada,elite proxy,no,yes,14 minutes ago
178.75.21.109,36143,RU,Russian Federation,elite proxy,no,yes,14 minutes ago
203.128.79.18,43227,ID,Indonesia,elite proxy,no,yes,14 minutes ago
1.20.101.62,38635,TH,Thailand,elite proxy,no,yes,14 minutes ago
88.247.10.31,8080,TR,Turkey,elite proxy,no,yes,14 minutes ago
154.0.15.166,46547,ZA,South Africa,elite proxy,no,yes,14 minutes ago
182.52.238.44,37758,TH,Thailand,elite proxy,no,yes,14 minutes ago
201.182.153.247,53281,BR,Brazil,elite proxy,no,yes,14 minutes ago
77.66.203.114,33097,RU,Russian Federation,elite proxy,no,yes,14 minutes ago
182.52.90.117,45535,TH,Thailand,elite proxy,no,yes,14 minutes ago
200.69.78.91,63141,CO,Colombia,elite proxy,no,yes,14 minutes ago
195.191.214.118,46406,UA,Ukraine,elite proxy,no,yes,14 minutes ago
95.58.161.180,48021,KZ,Kazakhstan,elite proxy,no,yes,14 minutes ago
180.232.77.107,51480,PH,Philippines,elite proxy,no,yes,14 minutes ago
139.255.94.122,44315,ID,Indonesia,elite proxy,no,yes,14 minutes ago
45.64.179.109,53281,IN,India,elite proxy,no,yes,14 minutes ago
201.242.205.50,3128,VE,Venezuela,elite proxy,no,yes,14 minutes ago
187.141.164.242,31120,MX,Mexico,elite proxy,no,yes,14 minutes ago
193.169.86.9,1182,UA,Ukraine,elite proxy,no,yes,14 minutes ago
62.24.109.89,60045,KE,Kenya,elite proxy,no,yes,14 minutes ago
1.179.183.109,8080,TH,Thailand,transparent,no,no,14 minutes ago
168.205.140.228,8080,BR,Brazil,transparent,no,no,14 minutes ago
41.60.232.29,8080,KE,Kenya,transparent,no,no,14 minutes ago
168.181.87.45,8080,BR,Brazil,transparent,no,no,14 minutes ago
85.237.46.168,54328,RU,Russian Federation,elite proxy,no,yes,14 minutes ago
171.100.102.154,30090,TH,Thailand,elite proxy,no,yes,14 minutes ago
58.96.150.62,8080,AU,Australia,elite proxy,no,yes,14 minutes ago
41.169.11.210,45088,ZA,South Africa,elite proxy,no,yes,14 minutes ago
89.218.170.54,35704,KZ,Kazakhstan,elite proxy,no,yes,14 minutes ago
181.129.127.234,57985,CO,Colombia,elite proxy,no,yes,14 minutes ago
196.44.67.172,53281,ZA,South Africa,elite proxy,no,yes,14 minutes ago
159.224.166.129,50270,UA,Ukraine,elite proxy,no,yes,14 minutes ago
87.251.228.114,31793,PL,Poland,elite proxy,no,yes,14 minutes ago
81.163.54.89,41258,RU,Russian Federation,elite proxy,no,yes,14 minutes ago
103.68.18.118,8080,IN,India,elite proxy,no,yes,14 minutes ago
136.228.128.6,52182,KH,Cambodia,elite proxy,no,yes,14 minutes ago
118.172.51.84,40152,TH,Thailand,elite proxy,no,yes,14 minutes ago
85.234.126.107,55555,RU,Russian Federation,elite proxy,no,yes,14 minutes ago
101.109.143.71,36127,TH,Thailand,elite proxy,no,no,14 minutes ago
179.125.39.230,52203,BR,Brazil,elite proxy,no,yes,14 minutes ago
103.28.86.241,61954,NP,Nepal,elite proxy,no,no,14 minutes ago
83.97.111.202,41258,RU,Russian Federation,elite proxy,no,yes,14 minutes ago
103.216.82.146,6666,IN,India,elite proxy,no,no,14 minutes ago
103.79.35.154,38498,IN,India,elite proxy,no,yes,14 minutes ago
70.98.53.118,8080,US,United States,transparent,no,no,14 minutes ago
121.101.134.234,3128,ID,Indonesia,transparent,no,no,14 minutes ago
181.129.189.244,999,CO,Colombia,transparent,no,no,14 minutes ago
186.237.131.122,8080,BR,Brazil,transparent,no,no,14 minutes ago
162.251.61.196,3128,US,United States,transparent,no,no,14 minutes ago
110.74.219.122,8080,KH,Cambodia,transparent,no,no,14 minutes ago
103.196.233.199,8080,BD,Bangladesh,transparent,no,no,14 minutes ago
42.115.38.176,8888,KH,Cambodia,transparent,no,no,14 minutes ago
202.5.56.71,8080,BD,Bangladesh,transparent,no,no,14 minutes ago
191.102.82.234,999,CO,Colombia,transparent,no,no,14 minutes ago
45.71.160.144,8080,BR,Brazil,transparent,no,no,14 minutes ago
36.73.56.125,8080,ID,Indonesia,transparent,no,no,14 minutes ago
103.106.28.230,8080,IN,India,transparent,no,no,14 minutes ago
45.177.16.131,999,PY,Paraguay,transparent,no,no,14 minutes ago
131.108.80.129,8081,AR,Argentina,transparent,no,no,14 minutes ago
197.248.59.30,8080,KE,Kenya,transparent,no,no,14 minutes ago
83.56.10.201,8080,ES,Spain,transparent,no,no,14 minutes ago
116.58.230.112,8080,TH,Thailand,transparent,no,no,14 minutes ago
178.210.129.150,1234,UA,Ukraine,transparent,no,no,14 minutes ago
118.97.36.21,8080,ID,Indonesia,transparent,no,no,14 minutes ago
118.174.232.243,8080,TH,Thailand,transparent,no,no,14 minutes ago
92.242.254.87,8080,HR,Croatia,transparent,no,no,14 minutes ago
139.255.13.153,8080,ID,Indonesia,transparent,no,no,14 minutes ago
202.70.84.1,8080,NP,Nepal,transparent,no,no,14 minutes ago
36.92.79.235,8080,ID,Indonesia,transparent,no,no,14 minutes ago
110.36.239.234,8080,PK,Pakistan,transparent,no,no,14 minutes ago
118.96.171.211,8080,ID,Indonesia,transparent,no,no,14 minutes ago
182.253.223.138,8080,ID,Indonesia,transparent,no,no,14 minutes ago
45.177.16.132,999,PY,Paraguay,transparent,no,no,14 minutes ago
91.93.135.113,8080,TR,Turkey,transparent,no,no,14 minutes ago
167.99.65.31,8080,SG,Singapore,transparent,no,no,14 minutes ago
103.111.53.75,8083,ID,Indonesia,transparent,no,no,14 minutes ago
78.132.137.229,8181,RU,Russian Federation,transparent,no,no,14 minutes ago
190.96.214.59,8080,CO,Colombia,transparent,no,no,14 minutes ago
103.42.162.30,8080,IN,India,transparent,no,no,14 minutes ago
177.66.53.160,8080,BR,Brazil,transparent,no,no,14 minutes ago
45.231.176.10,8080,BR,Brazil,transparent,no,no,14 minutes ago
45.70.15.58,999,EC,Ecuador,transparent,no,no,14 minutes ago
111.93.59.130,3129,IN,India,transparent,no,no,14 minutes ago
91.195.130.237,8080,RU,Russian Federation,transparent,no,no,14 minutes ago
181.129.98.146,8080,CO,Colombia,transparent,no,no,14 minutes ago
113.161.12.174,8080,VN,Vietnam,transparent,no,no,14 minutes ago
202.55.169.147,3128,ID,Indonesia,transparent,no,no,14 minutes ago
1.20.99.122,8080,TH,Thailand,transparent,no,no,14 minutes ago
168.232.20.155,8080,BR,Brazil,transparent,no,no,14 minutes ago
201.217.55.97,8080,PY,Paraguay,transparent,no,no,14 minutes ago
181.188.166.82,8080,BO,Bolivia,transparent,no,no,14 minutes ago
191.102.93.26,999,CO,Colombia,transparent,no,no,14 minutes ago
125.209.115.186,8080,PK,Pakistan,transparent,no,no,14 minutes ago
92.114.157.242,80,MD,"Moldova, Republic of",transparent,no,no,14 minutes ago
51.38.71.101,8080,GB,United Kingdom,elite proxy,no,yes,21 minutes ago
170.244.105.129,53281,BR,Brazil,transparent,no,no,21 minutes ago
200.73.128.159,8080,AR,Argentina,anonymous,no,no,21 minutes ago
177.55.207.38,8080,BR,Brazil,transparent,no,no,21 minutes ago
149.56.110.195,3128,CA,Canada,anonymous,no,no,21 minutes ago
79.110.39.189,8080,CZ,Czech Republic,transparent,no,no,21 minutes ago
187.45.13.190,54963,BR,Brazil,elite proxy,no,yes,21 minutes ago
87.247.19.126,53353,KZ,Kazakhstan,elite proxy,no,no,11 seconds ago
77.48.23.199,57842,CZ,Czech Republic,elite proxy,no,no,11 seconds ago
124.41.211.196,36084,NP,Nepal,elite proxy,no,no,11 seconds ago
118.172.201.105,46558,TH,Thailand,elite proxy,no,yes,11 seconds ago
5.63.165.178,40561,AM,Armenia,elite proxy,no,yes,11 seconds ago
94.16.120.18,5555,DE,Germany,elite proxy,no,yes,11 seconds ago
193.19.165.222,53281,PL,Poland,elite proxy,no,yes,11 seconds ago
36.66.218.121,35004,ID,Indonesia,elite proxy,no,no,11 seconds ago
36.91.44.243,37927,ID,Indonesia,elite proxy,no,no,11 seconds ago
78.60.130.181,37968,LT,Lithuania,elite proxy,no,yes,11 seconds ago
103.87.169.191,31094,IN,India,elite proxy,no,yes,11 seconds ago
197.210.217.66,36188,NG,Nigeria,elite proxy,no,no,11 seconds ago
213.159.248.165,40582,UA,Ukraine,elite proxy,no,yes,11 seconds ago
3.84.27.209,8080,US,United States,anonymous,no,no,11 seconds ago
114.134.186.59,39777,KH,Cambodia,elite proxy,no,no,11 seconds ago
5.8.203.76,48026,RU,Russian Federation,elite proxy,no,yes,11 seconds ago
190.186.1.46,61209,BO,Bolivia,elite proxy,no,yes,11 seconds ago
5.9.218.109,1080,DE,Germany,elite proxy,no,yes,11 seconds ago
103.208.200.222,46706,IN,India,elite proxy,no,no,11 seconds ago
165.0.75.137,8080,ZA,South Africa,elite proxy,no,no,11 seconds ago
110.74.222.213,52733,KH,Cambodia,elite proxy,no,yes,11 seconds ago
124.41.243.72,44716,NP,Nepal,elite proxy,no,no,11 seconds ago
78.62.214.242,60678,LT,Lithuania,elite proxy,no,no,11 seconds ago
202.137.10.179,57338,ID,Indonesia,elite proxy,no,yes,11 seconds ago
202.93.228.150,39081,ID,Indonesia,transparent,no,no,11 seconds ago
101.109.83.194,8080,TH,Thailand,transparent,no,no,11 seconds ago
122.176.65.143,39859,IN,India,elite proxy,no,yes,11 seconds ago
128.199.179.45,8080,SG,Singapore,elite proxy,no,no,11 seconds ago
188.166.86.252,8118,NL,Netherlands,elite proxy,no,no,11 seconds ago
103.83.99.69,3128,ID,Indonesia,anonymous,no,yes,11 seconds ago
95.79.43.218,8080,RU,Russian Federation,transparent,no,no,11 seconds ago
95.156.125.190,41870,RU,Russian Federation,elite proxy,no,no,11 seconds ago
1.10.189.68,60400,TH,Thailand,elite proxy,no,yes,11 seconds ago
103.212.92.254,38448,IN,India,elite proxy,no,no,11 seconds ago
139.99.105.186,80,SG,Singapore,anonymous,no,yes,11 seconds ago
182.53.96.215,32441,TH,Thailand,elite proxy,no,no,11 seconds ago
88.200.63.190,80,SI,Slovenia,elite proxy,no,no,11 seconds ago
103.220.207.242,54349,BD,Bangladesh,elite proxy,no,no,28 seconds ago
131.221.253.178,23500,BR,Brazil,elite proxy,no,yes,28 seconds ago
109.167.113.9,59606,ES,Spain,elite proxy,no,yes,28 seconds ago
88.119.145.9,8080,LT,Lithuania,transparent,no,no,28 seconds ago
41.60.216.153,8080,ZM,Zambia,transparent,no,no,28 seconds ago
200.73.129.85,3128,AR,Argentina,anonymous,no,no,28 seconds ago
86.62.120.68,3128,RU,Russian Federation,transparent,no,no,28 seconds ago
125.209.123.186,8080,PK,Pakistan,transparent,no,no,28 seconds ago
181.48.111.246,49094,CO,Colombia,elite proxy,no,yes,28 seconds ago
78.92.244.140,8080,HU,Hungary,transparent,no,no,28 seconds ago
45.6.136.247,53281,BR,Brazil,elite proxy,no,yes,28 seconds ago
200.89.178.196,80,AR,Argentina,anonymous,no,no,28 seconds ago
200.116.198.180,43407,CO,Colombia,elite proxy,no,yes,28 seconds ago
202.80.231.67,8080,TH,Thailand,transparent,no,no,28 seconds ago
181.52.237.106,58484,CO,Colombia,elite proxy,no,yes,28 seconds ago
51.79.51.43,8080,CA,Canada,anonymous,no,no,28 seconds ago
45.173.128.21,8080,CL,Chile,anonymous,no,no,28 seconds ago
109.238.222.5,48487,CZ,Czech Republic,elite proxy,no,yes,28 seconds ago
197.211.238.220,54675,ZW,Zimbabwe,elite proxy,no,no,28 seconds ago
94.130.20.85,31288,DE,Germany,anonymous,no,yes,28 seconds ago
80.187.140.26,8080,DE,Germany,anonymous,no,yes,28 seconds ago
200.84.164.40,8080,VE,Venezuela,transparent,no,no,28 seconds ago
45.173.129.29,8080,CL,Chile,anonymous,no,no,28 seconds ago
200.89.178.208,3128,AR,Argentina,anonymous,no,no,28 seconds ago
85.238.167.170,42397,AT,Austria,elite proxy,no,yes,28 seconds ago
52.139.4.119,80,CA,Canada,anonymous,no,no,28 seconds ago
187.41.153.133,8080,BR,Brazil,elite proxy,no,yes,28 seconds ago
178.20.137.178,43980,CZ,Czech Republic,elite proxy,no,yes,28 seconds ago
45.64.99.25,8080,ID,Indonesia,anonymous,no,yes,28 seconds ago
213.216.48.9,42370,CZ,Czech Republic,elite proxy,no,no,28 seconds ago
200.69.236.205,1080,AR,Argentina,anonymous,no,no,28 seconds ago
51.79.53.10,80,CA,Canada,anonymous,no,no,28 seconds ago
91.214.31.234,8080,UA,Ukraine,transparent,no,no,28 seconds ago
200.229.236.114,37739,BR,Brazil,elite proxy,no,no,28 seconds ago
102.23.242.15,8080,ZA,South Africa,transparent,no,no,28 seconds ago
18.229.45.60,8080,BR,Brazil,anonymous,no,no,28 seconds ago
187.87.204.210,45597,BR,Brazil,elite proxy,no,yes,28 seconds ago
88.255.217.166,8080,TR,Turkey,transparent,no,no,28 seconds ago
182.160.124.26,47304,BD,Bangladesh,elite proxy,no,yes,28 seconds ago
31.192.42.150,60174,GE,Georgia,elite proxy,no,yes,28 seconds ago
190.152.223.2,37994,EC,Ecuador,elite proxy,no,no,28 seconds ago
159.138.21.170,80,HK,Hong Kong,anonymous,no,no,28 seconds ago
190.166.249.44,38403,DO,Dominican Republic,elite proxy,no,no,28 seconds ago
176.119.134.115,23500,ES,Spain,elite proxy,no,no,28 seconds ago
27.123.255.82,30029,BD,Bangladesh,elite proxy,no,yes,28 seconds ago
200.89.159.192,80,AR,Argentina,anonymous,no,no,28 seconds ago
138.219.223.166,3128,BR,Brazil,transparent,no,no,28 seconds ago
221.126.249.99,8080,HK,Hong Kong,elite proxy,no,no,28 seconds ago
103.79.183.157,53281,BD,Bangladesh,elite proxy,no,yes,28 seconds ago
181.143.157.242,50942,CO,Colombia,elite proxy,no,yes,28 seconds ago
138.122.140.35,3128,BR,Brazil,anonymous,no,yes,28 seconds ago
181.112.216.54,41977,EC,Ecuador,elite proxy,no,no,28 seconds ago
178.213.130.159,60253,AM,Armenia,elite proxy,no,no,28 seconds ago
52.139.83.249,80,CA,Canada,anonymous,no,no,28 seconds ago
78.130.145.167,40406,BG,Bulgaria,elite proxy,no,yes,28 seconds ago
187.94.31.237,33296,BR,Brazil,elite proxy,no,yes,28 seconds ago
176.227.188.66,53281,RU,Russian Federation,transparent,no,no,28 seconds ago
81.23.32.47,443,FR,France,anonymous,no,yes,28 seconds ago
191.234.166.4,8080,BR,Brazil,anonymous,no,no,28 seconds ago
185.134.23.172,80,GB,United Kingdom,anonymous,no,no,28 seconds ago
27.147.136.178,47678,BD,Bangladesh,elite proxy,no,yes,28 seconds ago
36.89.191.151,43218,ID,Indonesia,elite proxy,no,no,28 seconds ago
45.115.55.115,8080,IN,India,transparent,no,no,28 seconds ago
180.183.111.228,8080,TH,Thailand,transparent,no,no,28 seconds ago
202.44.193.6,8080,TH,Thailand,transparent,no,no,28 seconds ago
45.64.87.233,8080,IN,India,transparent,no,no,28 seconds ago
85.52.217.114,52055,ES,Spain,elite proxy,no,yes,28 seconds ago
200.225.140.130,61021,BR,Brazil,elite proxy,no,yes,28 seconds ago
52.67.193.208,8080,BR,Brazil,anonymous,no,no,28 seconds ago
200.89.174.64,8080,AR,Argentina,anonymous,no,no,28 seconds ago
181.188.166.74,8080,BO,Bolivia,transparent,no,no,28 seconds ago
173.212.202.65,80,DE,Germany,elite proxy,no,no,28 seconds ago
52.139.3.203,80,CA,Canada,anonymous,no,no,28 seconds ago
45.235.98.145,3128,AR,Argentina,anonymous,no,no,28 seconds ago
200.89.178.214,3128,AR,Argentina,anonymous,no,no,28 seconds ago
187.45.123.118,8080,BR,Brazil,transparent,no,no,28 seconds ago
202.162.201.94,53281,ID,Indonesia,elite proxy,no,yes,28 seconds ago
191.103.254.145,47324,CO,Colombia,elite proxy,no,no,28 seconds ago
114.4.105.48,8080,ID,Indonesia,transparent,no,no,28 seconds ago
83.228.74.251,32384,BG,Bulgaria,elite proxy,no,no,28 seconds ago
181.189.221.245,42407,AR,Argentina,elite proxy,no,no,28 seconds ago
181.198.97.241,30072,EC,Ecuador,elite proxy,no,yes,28 seconds ago
89.248.244.182,8080,CZ,Czech Republic,elite proxy,no,yes,28 seconds ago
103.28.121.58,80,BD,Bangladesh,anonymous,no,yes,28 seconds ago
200.89.178.209,8080,AR,Argentina,anonymous,no,no,28 seconds ago
171.5.208.248,8080,TH,Thailand,transparent,no,no,1 minute ago
14.207.21.152,8080,TH,Thailand,transparent,no,no,1 minute ago
118.174.232.128,45019,TH,Thailand,transparent,no,no,2 minutes ago
46.161.139.37,48804,RU,Russian Federation,transparent,no,no,2 minutes ago
103.87.236.94,8080,BD,Bangladesh,transparent,no,no,3 minutes ago
182.253.201.26,8080,ID,Indonesia,transparent,no,no,5 minutes ago
182.253.6.4,8080,ID,Indonesia,transparent,no,no,5 minutes ago
183.88.132.101,8080,TH,Thailand,transparent,no,no,5 minutes ago
101.255.120.249,54225,ID,Indonesia,transparent,no,no,6 minutes ago
78.140.6.68,53281,RU,Russian Federation,transparent,no,no,7 minutes ago
66.181.167.88,8080,MN,Mongolia,transparent,no,no,7 minutes ago
117.212.92.141,8080,IN,India,transparent,no,no,7 minutes ago
181.113.225.114,8080,EC,Ecuador,transparent,no,no,7 minutes ago
41.162.52.11,8080,ZA,South Africa,transparent,no,no,7 minutes ago
70.165.65.233,48678,US,United States,transparent,no,no,7 minutes ago
131.255.135.8,8080,BR,Brazil,transparent,no,no,7 minutes ago
223.205.61.153,8080,TH,Thailand,transparent,no,no,11 minutes ago
186.183.220.186,8080,CO,Colombia,transparent,no,no,11 minutes ago
125.26.108.170,61637,TH,Thailand,elite proxy,no,yes,11 minutes ago
195.4.164.127,8080,DE,Germany,anonymous,no,yes,11 minutes ago
103.26.95.142,8080,TL,Timor-Leste,transparent,no,no,11 minutes ago
169.159.150.195,8080,ZA,South Africa,anonymous,no,yes,11 minutes ago
193.37.192.243,8080,UA,Ukraine,transparent,no,no,11 minutes ago
103.29.90.134,8080,MM,Myanmar,transparent,no,no,11 minutes ago
176.113.157.149,31195,UA,Ukraine,elite proxy,no,yes,11 minutes ago
104.248.25.240,8118,DE,Germany,elite proxy,no,yes,11 minutes ago
190.202.22.129,3128,VE,Venezuela,transparent,no,no,11 minutes ago
103.240.161.109,6666,IN,India,elite proxy,no,no,12 minutes ago
213.172.156.167,31893,ZA,South Africa,transparent,no,no,12 minutes ago
194.213.43.166,38170,CZ,Czech Republic,elite proxy,no,yes,12 minutes ago
148.251.200.196,1080,DE,Germany,elite proxy,no,no,12 minutes ago
113.130.126.212,55763,KH,Cambodia,elite proxy,no,no,12 minutes ago
178.75.27.131,41879,RU,Russian Federation,elite proxy,no,yes,12 minutes ago
185.59.245.199,41258,RU,Russian Federation,elite proxy,no,no,12 minutes ago
139.255.96.133,53281,ID,Indonesia,elite proxy,no,no,12 minutes ago
54.38.33.2,80,FR,France,elite proxy,no,no,12 minutes ago
110.74.222.106,52247,KH,Cambodia,elite proxy,no,yes,12 minutes ago
31.209.97.66,57482,CY,Cyprus,elite proxy,no,no,12 minutes ago
103.83.205.57,38992,BD,Bangladesh,elite proxy,no,no,12 minutes ago
62.122.201.241,46176,UA,Ukraine,elite proxy,no,no,12 minutes ago
37.57.216.2,2222,UA,Ukraine,elite proxy,no,yes,12 minutes ago
197.53.142.126,8080,EG,Egypt,elite proxy,no,no,12 minutes ago
27.2.7.59,52148,VN,Vietnam,elite proxy,no,yes,12 minutes ago
181.196.205.250,44321,EC,Ecuador,elite proxy,no,no,12 minutes ago
201.62.56.49,35816,BR,Brazil,elite proxy,no,no,12 minutes ago
182.52.238.118,50390,TH,Thailand,elite proxy,no,no,12 minutes ago
45.115.63.78,55443,IN,India,elite proxy,no,no,12 minutes ago
200.110.174.130,8080,CO,Colombia,anonymous,no,yes,12 minutes ago
138.68.8.149,8118,US,United States,anonymous,no,no,12 minutes ago
36.89.182.193,39382,ID,Indonesia,elite proxy,no,yes,12 minutes ago
125.26.7.115,30012,TH,Thailand,elite proxy,no,yes,12 minutes ago
103.94.121.27,60109,ID,Indonesia,elite proxy,no,yes,12 minutes ago
78.46.40.206,8118,DE,Germany,transparent,no,no,12 minutes ago
193.59.27.71,36748,PL,Poland,elite proxy,no,no,12 minutes ago
114.134.191.194,31867,KH,Cambodia,elite proxy,no,no,12 minutes ago
94.130.125.218,1080,DE,Germany,elite proxy,no,yes,14 minutes ago
185.204.208.78,8080,FR,France,elite proxy,no,yes,14 minutes ago
185.85.219.74,61068,RU,Russian Federation,elite proxy,no,yes,14 minutes ago
103.15.242.214,47424,ID,Indonesia,elite proxy,no,yes,14 minutes ago
103.58.249.194,23500,IN,India,elite proxy,no,yes,14 minutes ago
80.87.184.49,41258,CZ,Czech Republic,elite proxy,no,yes,14 minutes ago
114.134.190.230,37294,KH,Cambodia,elite proxy,no,yes,14 minutes ago
154.127.32.89,60020,BJ,Benin,elite proxy,no,yes,14 minutes ago
36.66.242.146,43936,ID,Indonesia,elite proxy,no,yes,14 minutes ago
103.21.160.10,35101,IN,India,elite proxy,no,yes,14 minutes ago
198.50.152.64,23500,US,United States,elite proxy,no,yes,14 minutes ago
103.215.177.181,3127,ID,Indonesia,anonymous,no,yes,14 minutes ago
36.67.42.39,35273,ID,Indonesia,elite proxy,no,yes,14 minutes ago
187.120.253.119,30181,BR,Brazil,elite proxy,no,yes,14 minutes ago
182.53.206.26,45336,TH,Thailand,elite proxy,no,yes,14 minutes ago
163.53.209.7,6666,IN,India,elite proxy,no,yes,14 minutes ago
176.110.121.90,21776,RU,Russian Federation,elite proxy,no,yes,14 minutes ago
204.15.243.233,58159,US,United States,elite proxy,no,yes,14 minutes ago
46.8.28.17,8080,UA,Ukraine,elite proxy,no,yes,14 minutes ago
190.57.143.66,50719,EC,Ecuador,elite proxy,no,yes,14 minutes ago
62.122.201.246,60619,UA,Ukraine,elite proxy,no,yes,14 minutes ago
85.187.245.115,53281,BG,Bulgaria,elite proxy,no,yes,14 minutes ago
192.199.53.131,51650,CA,Canada,elite proxy,no,yes,14 minutes ago
178.75.21.109,36143,RU,Russian Federation,elite proxy,no,yes,14 minutes ago
203.128.79.18,43227,ID,Indonesia,elite proxy,no,yes,14 minutes ago
1.20.101.62,38635,TH,Thailand,elite proxy,no,yes,14 minutes ago
88.247.10.31,8080,TR,Turkey,elite proxy,no,yes,14 minutes ago
154.0.15.166,46547,ZA,South Africa,elite proxy,no,yes,14 minutes ago
182.52.238.44,37758,TH,Thailand,elite proxy,no,yes,14 minutes ago
201.182.153.247,53281,BR,Brazil,elite proxy,no,yes,14 minutes ago
77.66.203.114,33097,RU,Russian Federation,elite proxy,no,yes,14 minutes ago
182.52.90.117,45535,TH,Thailand,elite proxy,no,yes,14 minutes ago
200.69.78.91,63141,CO,Colombia,elite proxy,no,yes,14 minutes ago
195.191.214.118,46406,UA,Ukraine,elite proxy,no,yes,14 minutes ago
95.58.161.180,48021,KZ,Kazakhstan,elite proxy,no,yes,14 minutes ago
180.232.77.107,51480,PH,Philippines,elite proxy,no,yes,14 minutes ago
139.255.94.122,44315,ID,Indonesia,elite proxy,no,yes,14 minutes ago
45.64.179.109,53281,IN,India,elite proxy,no,yes,14 minutes ago
201.242.205.50,3128,VE,Venezuela,elite proxy,no,yes,14 minutes ago
187.141.164.242,31120,MX,Mexico,elite proxy,no,yes,14 minutes ago
193.169.86.9,1182,UA,Ukraine,elite proxy,no,yes,14 minutes ago
62.24.109.89,60045,KE,Kenya,elite proxy,no,yes,14 minutes ago
1.179.183.109,8080,TH,Thailand,transparent,no,no,14 minutes ago
168.205.140.228,8080,BR,Brazil,transparent,no,no,14 minutes ago
41.60.232.29,8080,KE,Kenya,transparent,no,no,14 minutes ago
168.181.87.45,8080,BR,Brazil,transparent,no,no,14 minutes ago
85.237.46.168,54328,RU,Russian Federation,elite proxy,no,yes,14 minutes ago
171.100.102.154,30090,TH,Thailand,elite proxy,no,yes,14 minutes ago
58.96.150.62,8080,AU,Australia,elite proxy,no,yes,14 minutes ago
41.169.11.210,45088,ZA,South Africa,elite proxy,no,yes,14 minutes ago
89.218.170.54,35704,KZ,Kazakhstan,elite proxy,no,yes,14 minutes ago
181.129.127.234,57985,CO,Colombia,elite proxy,no,yes,14 minutes ago
196.44.67.172,53281,ZA,South Africa,elite proxy,no,yes,14 minutes ago
159.224.166.129,50270,UA,Ukraine,elite proxy,no,yes,14 minutes ago
87.251.228.114,31793,PL,Poland,elite proxy,no,yes,14 minutes ago
81.163.54.89,41258,RU,Russian Federation,elite proxy,no,yes,14 minutes ago
103.68.18.118,8080,IN,India,elite proxy,no,yes,14 minutes ago
136.228.128.6,52182,KH,Cambodia,elite proxy,no,yes,14 minutes ago
118.172.51.84,40152,TH,Thailand,elite proxy,no,yes,14 minutes ago
85.234.126.107,55555,RU,Russian Federation,elite proxy,no,yes,14 minutes ago
101.109.143.71,36127,TH,Thailand,elite proxy,no,no,14 minutes ago
179.125.39.230,52203,BR,Brazil,elite proxy,no,yes,14 minutes ago
103.28.86.241,61954,NP,Nepal,elite proxy,no,no,14 minutes ago
83.97.111.202,41258,RU,Russian Federation,elite proxy,no,yes,14 minutes ago
103.216.82.146,6666,IN,India,elite proxy,no,no,14 minutes ago
103.79.35.154,38498,IN,India,elite proxy,no,yes,14 minutes ago
70.98.53.118,8080,US,United States,transparent,no,no,14 minutes ago
121.101.134.234,3128,ID,Indonesia,transparent,no,no,14 minutes ago
181.129.189.244,999,CO,Colombia,transparent,no,no,14 minutes ago
186.237.131.122,8080,BR,Brazil,transparent,no,no,14 minutes ago
162.251.61.196,3128,US,United States,transparent,no,no,14 minutes ago
110.74.219.122,8080,KH,Cambodia,transparent,no,no,14 minutes ago
103.196.233.199,8080,BD,Bangladesh,transparent,no,no,14 minutes ago
42.115.38.176,8888,KH,Cambodia,transparent,no,no,14 minutes ago
202.5.56.71,8080,BD,Bangladesh,transparent,no,no,14 minutes ago
191.102.82.234,999,CO,Colombia,transparent,no,no,14 minutes ago
45.71.160.144,8080,BR,Brazil,transparent,no,no,14 minutes ago
36.73.56.125,8080,ID,Indonesia,transparent,no,no,14 minutes ago
103.106.28.230,8080,IN,India,transparent,no,no,14 minutes ago
45.177.16.131,999,PY,Paraguay,transparent,no,no,14 minutes ago
131.108.80.129,8081,AR,Argentina,transparent,no,no,14 minutes ago
197.248.59.30,8080,KE,Kenya,transparent,no,no,14 minutes ago
83.56.10.201,8080,ES,Spain,transparent,no,no,14 minutes ago
116.58.230.112,8080,TH,Thailand,transparent,no,no,14 minutes ago
178.210.129.150,1234,UA,Ukraine,transparent,no,no,14 minutes ago
118.97.36.21,8080,ID,Indonesia,transparent,no,no,14 minutes ago
118.174.232.243,8080,TH,Thailand,transparent,no,no,14 minutes ago
92.242.254.87,8080,HR,Croatia,transparent,no,no,14 minutes ago
139.255.13.153,8080,ID,Indonesia,transparent,no,no,14 minutes ago
202.70.84.1,8080,NP,Nepal,transparent,no,no,14 minutes ago
36.92.79.235,8080,ID,Indonesia,transparent,no,no,14 minutes ago
110.36.239.234,8080,PK,Pakistan,transparent,no,no,14 minutes ago
118.96.171.211,8080,ID,Indonesia,transparent,no,no,14 minutes ago
182.253.223.138,8080,ID,Indonesia,transparent,no,no,14 minutes ago
45.177.16.132,999,PY,Paraguay,transparent,no,no,14 minutes ago
91.93.135.113,8080,TR,Turkey,transparent,no,no,14 minutes ago
167.99.65.31,8080,SG,Singapore,transparent,no,no,14 minutes ago
103.111.53.75,8083,ID,Indonesia,transparent,no,no,14 minutes ago
78.132.137.229,8181,RU,Russian Federation,transparent,no,no,14 minutes ago
190.96.214.59,8080,CO,Colombia,transparent,no,no,14 minutes ago
103.42.162.30,8080,IN,India,transparent,no,no,14 minutes ago
177.66.53.160,8080,BR,Brazil,transparent,no,no,14 minutes ago
45.231.176.10,8080,BR,Brazil,transparent,no,no,14 minutes ago
45.70.15.58,999,EC,Ecuador,transparent,no,no,14 minutes ago
111.93.59.130,3129,IN,India,transparent,no,no,14 minutes ago
91.195.130.237,8080,RU,Russian Federation,transparent,no,no,14 minutes ago
181.129.98.146,8080,CO,Colombia,transparent,no,no,14 minutes ago
113.161.12.174,8080,VN,Vietnam,transparent,no,no,14 minutes ago
202.55.169.147,3128,ID,Indonesia,transparent,no,no,14 minutes ago
1.20.99.122,8080,TH,Thailand,transparent,no,no,14 minutes ago
168.232.20.155,8080,BR,Brazil,transparent,no,no,14 minutes ago
201.217.55.97,8080,PY,Paraguay,transparent,no,no,14 minutes ago
181.188.166.82,8080,BO,Bolivia,transparent,no,no,14 minutes ago
191.102.93.26,999,CO,Colombia,transparent,no,no,14 minutes ago
125.209.115.186,8080,PK,Pakistan,transparent,no,no,14 minutes ago
92.114.157.242,80,MD,"Moldova, Republic of",transparent,no,no,14 minutes ago
51.38.71.101,8080,GB,United Kingdom,elite proxy,no,yes,21 minutes ago
170.244.105.129,53281,BR,Brazil,transparent,no,no,21 minutes ago
200.73.128.159,8080,AR,Argentina,anonymous,no,no,21 minutes ago
177.55.207.38,8080,BR,Brazil,transparent,no,no,21 minutes ago
149.56.110.195,3128,CA,Canada,anonymous,no,no,21 minutes ago
79.110.39.189,8080,CZ,Czech Republic,transparent,no,no,21 minutes ago
187.45.13.190,54963,BR,Brazil,elite proxy,no,yes,21 minutes ago
134.35.0.158,8080,YE,Yemen,transparent,no,no,1 minute ago
179.191.118.146,8080,BR,Brazil,elite proxy,no,yes,1 minute ago
186.183.220.2,8080,CO,Colombia,transparent,no,no,1 minute ago
41.223.104.106,8080,CD,"Congo, The Democratic Republic of",transparent,no,no,1 minute ago
118.174.196.130,8080,TH,Thailand,transparent,no,no,1 minute ago
95.79.99.148,3128,RU,Russian Federation,elite proxy,no,yes,1 minute ago
176.103.40.198,40039,PL,Poland,elite proxy,no,yes,1 minute ago
85.10.219.103,1080,DE,Germany,elite proxy,no,no,2 minutes ago
118.136.135.163,8080,ID,Indonesia,transparent,no,no,2 minutes ago
201.49.72.226,8080,BR,Brazil,transparent,no,no,2 minutes ago
1.20.99.89,32963,TH,Thailand,elite proxy,no,no,2 minutes ago
180.180.175.70,59692,TH,Thailand,elite proxy,no,yes,2 minutes ago
203.202.245.211,35748,BD,Bangladesh,elite proxy,no,no,2 minutes ago
197.159.16.118,8080,CM,Cameroon,elite proxy,no,no,2 minutes ago
167.172.57.5,8118,GB,United Kingdom,elite proxy,no,yes,2 minutes ago
103.241.227.99,54073,IN,India,elite proxy,no,yes,2 minutes ago
198.23.143.11,8080,US,United States,elite proxy,no,no,2 minutes ago
157.119.207.10,6666,IN,India,elite proxy,no,yes,2 minutes ago
36.67.143.183,48746,ID,Indonesia,elite proxy,no,yes,2 minutes ago
38.89.138.170,3128,US,United States,elite proxy,no,no,2 minutes ago
119.82.253.210,42379,KH,Cambodia,elite proxy,no,no,2 minutes ago
212.2.204.181,60725,TR,Turkey,elite proxy,no,no,2 minutes ago
41.160.252.116,53281,ZA,South Africa,elite proxy,no,no,2 minutes ago
1.2.169.101,47477,TH,Thailand,elite proxy,no,yes,2 minutes ago
95.68.11.4,53281,LV,Latvia,elite proxy,no,yes,2 minutes ago
210.56.244.222,8080,AU,Australia,elite proxy,no,yes,2 minutes ago
125.25.80.39,42790,TH,Thailand,elite proxy,no,yes,2 minutes ago
103.70.162.182,8080,IN,India,elite proxy,no,yes,2 minutes ago
142.93.199.194,8118,US,United States,elite proxy,no,no,2 minutes ago
36.67.246.50,42932,ID,Indonesia,elite proxy,no,yes,2 minutes ago
183.89.148.169,8080,TH,Thailand,transparent,no,no,3 minutes ago
195.138.83.218,53281,UA,Ukraine,elite proxy,no,yes,3 minutes ago
102.176.160.75,30615,GN,Guinea,elite proxy,no,yes,4 minutes ago
78.134.105.183,53281,IT,Italy,elite proxy,no,yes,4 minutes ago
158.140.167.148,53281,ID,Indonesia,elite proxy,no,yes,4 minutes ago
182.53.197.87,50259,TH,Thailand,elite proxy,no,yes,4 minutes ago
180.246.205.208,37224,ID,Indonesia,elite proxy,no,yes,4 minutes ago
213.6.199.94,54533,PS,Palestinian Territory,elite proxy,no,yes,4 minutes ago
212.120.186.39,32345,RU,Russian Federation,elite proxy,no,yes,4 minutes ago
213.110.122.220,56871,UA,Ukraine,elite proxy,no,yes,4 minutes ago
109.200.252.5,53281,UA,Ukraine,elite proxy,no,yes,4 minutes ago
118.173.233.151,40025,TH,Thailand,elite proxy,no,yes,4 minutes ago
117.196.229.92,37674,IN,India,elite proxy,no,yes,4 minutes ago
43.224.116.218,51370,BD,Bangladesh,elite proxy,no,yes,4 minutes ago
41.65.201.162,8080,EG,Egypt,elite proxy,no,yes,4 minutes ago
178.128.5.78,8118,US,United States,elite proxy,no,yes,4 minutes ago
103.96.235.81,23500,BD,Bangladesh,elite proxy,no,yes,4 minutes ago
187.120.221.165,8888,BR,Brazil,elite proxy,no,yes,4 minutes ago
128.199.37.176,3128,NL,Netherlands,elite proxy,no,yes,4 minutes ago
168.228.192.13,55619,HN,Honduras,elite proxy,no,yes,4 minutes ago
138.255.220.72,52982,BR,Brazil,elite proxy,no,yes,4 minutes ago
185.46.223.198,23500,UA,Ukraine,elite proxy,no,yes,4 minutes ago
117.252.67.155,37045,IN,India,elite proxy,no,yes,4 minutes ago
188.240.105.181,9090,YE,Yemen,elite proxy,no,yes,4 minutes ago
181.114.63.129,8085,AR,Argentina,elite proxy,no,yes,4 minutes ago
103.250.152.22,52572,IN,India,elite proxy,no,yes,4 minutes ago
79.143.179.56,3128,DE,Germany,elite proxy,no,yes,4 minutes ago
201.16.151.65,44610,BR,Brazil,elite proxy,no,yes,4 minutes ago
45.115.113.114,33071,BD,Bangladesh,elite proxy,no,yes,4 minutes ago
202.138.247.155,8080,ID,Indonesia,elite proxy,no,yes,4 minutes ago
176.235.99.36,9090,TR,Turkey,elite proxy,no,yes,4 minutes ago
118.175.93.94,45175,TH,Thailand,elite proxy,no,yes,4 minutes ago
36.66.61.7,56232,ID,Indonesia,elite proxy,no,yes,4 minutes ago
203.190.50.140,42011,ID,Indonesia,elite proxy,no,yes,4 minutes ago
103.78.101.253,36118,ID,Indonesia,elite proxy,no,yes,4 minutes ago
91.215.195.143,52668,RU,Russian Federation,elite proxy,no,yes,4 minutes ago
189.113.217.35,42517,BR,Brazil,elite proxy,no,yes,4 minutes ago
58.8.111.114,8213,TH,Thailand,anonymous,no,yes,4 minutes ago
115.87.243.34,8213,TH,Thailand,anonymous,no,yes,4 minutes ago
118.99.100.49,8080,ID,Indonesia,elite proxy,no,yes,4 minutes ago
202.63.242.20,56610,NP,Nepal,elite proxy,no,yes,4 minutes ago
119.82.252.1,41714,KH,Cambodia,elite proxy,no,yes,4 minutes ago
46.150.170.10,53281,RU,Russian Federation,elite proxy,no,yes,4 minutes ago
103.216.82.153,35101,IN,India,elite proxy,no,yes,4 minutes ago
85.90.215.111,3128,UA,Ukraine,elite proxy,no,yes,4 minutes ago
66.82.22.79,80,US,United States,anonymous,no,yes,4 minutes ago
122.15.131.65,57873,IN,India,elite proxy,no,yes,4 minutes ago
121.139.218.165,31409,KR,Korea,elite proxy,no,yes,4 minutes ago
124.41.211.180,32861,NP,Nepal,elite proxy,no,yes,4 minutes ago
190.5.225.178,53570,PA,Panama,elite proxy,no,yes,4 minutes ago
185.50.56.230,32231,BA,Bosnia and Herzegovina,elite proxy,no,yes,4 minutes ago
182.53.197.22,35126,TH,Thailand,elite proxy,no,yes,4 minutes ago
201.204.168.106,63141,CR,Costa Rica,elite proxy,no,yes,4 minutes ago
165.22.68.214,8118,DE,Germany,elite proxy,no,yes,4 minutes ago
138.121.32.133,23492,BR,Brazil,elite proxy,no,no,4 minutes ago
213.172.156.167,31893,ZA,South Africa,elite proxy,no,no,4 minutes ago
68.183.181.16,8118,SG,Singapore,elite proxy,no,no,4 minutes ago
181.129.70.82,30634,CO,Colombia,elite proxy,no,yes,4 minutes ago
43.225.67.39,53905,ID,Indonesia,elite proxy,no,no,4 minutes ago
116.254.100.165,46675,ID,Indonesia,elite proxy,no,yes,4 minutes ago
195.234.87.211,53281,BG,Bulgaria,elite proxy,no,no,4 minutes ago
212.28.237.132,32529,LB,Lebanon,anonymous,no,yes,4 minutes ago
194.228.129.189,32753,CZ,Czech Republic,elite proxy,no,no,4 minutes ago
221.120.210.211,39617,PK,Pakistan,elite proxy,no,yes,4 minutes ago
93.91.112.247,41258,RU,Russian Federation,elite proxy,no,no,4 minutes ago
78.128.124.9,50246,BG,Bulgaria,elite proxy,no,yes,4 minutes ago
148.251.200.198,1080,DE,Germany,elite proxy,no,no,4 minutes ago
5.9.218.111,1080,DE,Germany,elite proxy,no,no,4 minutes ago
113.130.126.212,55763,KH,Cambodia,elite proxy,no,yes,4 minutes ago
125.26.7.11,36082,TH,Thailand,elite proxy,no,yes,4 minutes ago
41.164.247.186,53281,ZA,South Africa,elite proxy,no,yes,4 minutes ago
187.60.34.234,53597,BR,Brazil,elite proxy,no,no,4 minutes ago
41.84.131.78,53281,KE,Kenya,elite proxy,no,yes,5 minutes ago
36.89.193.73,43767,ID,Indonesia,elite proxy,no,yes,6 minutes ago
103.216.82.209,54806,IN,India,elite proxy,no,yes,6 minutes ago
81.163.62.136,41258,RU,Russian Federation,elite proxy,no,no,6 minutes ago
128.199.180.72,8080,SG,Singapore,elite proxy,no,no,6 minutes ago
103.121.42.229,8080,PK,Pakistan,transparent,no,no,6 minutes ago
103.105.71.170,8080,ID,Indonesia,transparent,no,no,6 minutes ago
103.5.232.146,8080,BD,Bangladesh,transparent,no,no,6 minutes ago
14.207.72.239,8080,TH,Thailand,transparent,no,no,8 minutes ago
177.126.88.62,53281,BR,Brazil,elite proxy,no,yes,10 minutes ago
79.104.197.58,8080,RU,Russian Federation,transparent,no,no,10 minutes ago
190.120.249.14,999,VE,Venezuela,transparent,no,no,10 minutes ago
45.169.98.49,8080,CO,Colombia,transparent,no,no,10 minutes ago
188.226.141.61,3128,NL,Netherlands,anonymous,no,no,10 minutes ago
207.154.231.217,3128,DE,Germany,anonymous,no,no,10 minutes ago
188.166.204.196,80,SG,Singapore,elite proxy,no,no,10 minutes ago
200.73.128.159,8080,AR,Argentina,anonymous,no,no,10 minutes ago
180.250.153.129,53281,ID,Indonesia,elite proxy,no,no,10 minutes ago
162.243.108.141,3128,US,United States,anonymous,no,no,10 minutes ago
80.211.63.151,8080,IT,Italy,anonymous,no,no,10 minutes ago
5.252.161.48,8080,GB,United Kingdom,anonymous,no,no,10 minutes ago
138.197.157.44,8080,CA,Canada,anonymous,no,no,10 minutes ago
88.198.50.103,8080,DE,Germany,anonymous,no,no,10 minutes ago
139.59.53.107,3128,IN,India,anonymous,no,no,10 minutes ago
36.67.153.58,48133,ID,Indonesia,elite proxy,no,no,10 minutes ago
124.41.243.31,30978,NP,Nepal,elite proxy,no,no,10 minutes ago
188.166.83.17,3128,NL,Netherlands,anonymous,no,no,10 minutes ago
36.89.181.155,60165,ID,Indonesia,elite proxy,no,no,10 minutes ago
191.96.42.80,3128,US,United States,anonymous,no,no,10 minutes ago
188.226.141.211,3128,NL,Netherlands,anonymous,no,no,10 minutes ago
207.154.231.211,3128,DE,Germany,anonymous,no,no,10 minutes ago
178.150.97.102,51226,UA,Ukraine,elite proxy,no,yes,10 minutes ago
52.139.4.119,80,CA,Canada,anonymous,no,no,10 minutes ago
162.243.107.120,8080,US,United States,anonymous,no,no,10 minutes ago
45.55.9.218,8080,US,United States,anonymous,no,no,10 minutes ago
67.205.149.230,8080,US,United States,anonymous,no,no,10 minutes ago
197.210.153.126,51616,NG,Nigeria,elite proxy,no,yes,10 minutes ago
174.138.54.49,8080,US,United States,anonymous,no,no,10 minutes ago
79.143.225.152,60517,RU,Russian Federation,elite proxy,no,no,10 minutes ago
138.197.204.55,8080,US,United States,anonymous,no,no,10 minutes ago
86.57.177.8,42738,BY,Belarus,elite proxy,no,no,10 minutes ago
182.253.93.2,53281,ID,Indonesia,elite proxy,no,no,10 minutes ago
188.166.83.20,3128,NL,Netherlands,anonymous,no,no,10 minutes ago
46.45.129.16,80,TR,Turkey,anonymous,no,no,10 minutes ago
162.243.108.129,3128,US,United States,anonymous,no,no,10 minutes ago
139.162.78.109,8080,JP,Japan,anonymous,no,no,10 minutes ago
207.154.231.216,3128,DE,Germany,anonymous,no,no,10 minutes ago
139.59.99.63,3128,SG,Singapore,anonymous,no,no,10 minutes ago
138.197.222.35,8080,US,United States,anonymous,no,no,10 minutes ago
139.59.169.246,8080,GB,United Kingdom,anonymous,no,no,10 minutes ago
190.103.178.13,8080,US,United States,anonymous,no,no,10 minutes ago
138.68.165.154,3128,GB,United Kingdom,anonymous,no,no,10 minutes ago
5.53.16.202,3128,RU,Russian Federation,elite proxy,no,no,10 minutes ago
86.57.177.16,3128,BY,Belarus,elite proxy,no,no,10 minutes ago
94.127.217.66,40115,RU,Russian Federation,elite proxy,no,no,10 minutes ago
178.62.193.19,3128,NL,Netherlands,anonymous,no,no,10 minutes ago
94.130.20.85,31288,DE,Germany,anonymous,no,yes,10 minutes ago
118.173.233.37,45592,TH,Thailand,elite proxy,no,no,10 minutes ago
207.154.231.212,8080,DE,Germany,anonymous,no,no,10 minutes ago
138.68.161.14,3128,GB,United Kingdom,anonymous,no,no,10 minutes ago
188.166.83.34,3128,NL,Netherlands,anonymous,no,no,10 minutes ago
91.226.212.131,1182,UA,Ukraine,elite proxy,no,no,10 minutes ago
198.199.119.119,3128,US,United States,anonymous,no,no,10 minutes ago
52.139.3.203,80,CA,Canada,anonymous,no,no,10 minutes ago
161.202.226.195,80,JP,Japan,elite proxy,no,no,10 minutes ago
67.205.132.241,8080,US,United States,anonymous,no,no,10 minutes ago
139.59.62.255,3128,IN,India,anonymous,no,no,10 minutes ago
45.55.27.15,8080,US,United States,anonymous,no,no,10 minutes ago
103.253.113.23,31855,ID,Indonesia,elite proxy,no,no,10 minutes ago
125.26.6.98,32385,TH,Thailand,elite proxy,no,no,10 minutes ago
190.145.148.34,56368,CO,Colombia,elite proxy,no,yes,10 minutes ago
217.61.123.35,3128,IT,Italy,anonymous,no,no,10 minutes ago
118.69.50.154,80,VN,Vietnam,anonymous,no,no,10 minutes ago
113.161.207.105,60626,VN,Vietnam,elite proxy,no,no,10 minutes ago
185.112.156.212,80,HU,Hungary,anonymous,no,no,10 minutes ago
200.89.174.64,8080,AR,Argentina,anonymous,no,no,10 minutes ago
139.59.101.223,8080,SG,Singapore,anonymous,no,no,10 minutes ago
139.59.64.9,8080,IN,India,anonymous,no,no,10 minutes ago
139.59.99.234,8080,SG,Singapore,anonymous,no,no,10 minutes ago
13.230.194.71,80,JP,Japan,anonymous,no,no,10 minutes ago
187.17.145.237,30279,BR,Brazil,elite proxy,no,no,10 minutes ago
162.243.108.161,8080,US,United States,anonymous,no,no,10 minutes ago
161.202.226.194,8123,JP,Japan,elite proxy,no,no,10 minutes ago
202.29.237.210,3128,TH,Thailand,anonymous,no,no,10 minutes ago
110.74.209.202,51491,KH,Cambodia,elite proxy,no,no,10 minutes ago
51.79.51.43,8080,CA,Canada,anonymous,no,no,10 minutes ago
139.59.53.106,8080,IN,India,anonymous,no,no,10 minutes ago
202.57.43.26,51294,PH,Philippines,elite proxy,no,yes,11 minutes ago
197.210.187.46,45753,NG,Nigeria,elite proxy,no,no,11 minutes ago
185.123.211.50,8080,IR,Iran,transparent,no,no,11 minutes ago
43.245.202.110,58684,KH,Cambodia,elite proxy,no,yes,11 minutes ago
91.192.4.162,8080,IQ,Iraq,elite proxy,no,yes,11 minutes ago
78.130.145.167,40406,BG,Bulgaria,elite proxy,no,yes,11 minutes ago
36.89.188.59,57423,ID,Indonesia,elite proxy,no,yes,11 minutes ago
91.187.112.173,8080,AL,Albania,transparent,no,no,11 minutes ago
201.182.153.247,53281,BR,Brazil,elite proxy,no,yes,11 minutes ago
178.128.187.206,8118,US,United States,elite proxy,no,no,11 minutes ago
89.165.218.82,47886,RO,Romania,elite proxy,no,no,11 minutes ago
47.254.154.141,8080,DE,Germany,elite proxy,no,no,11 minutes ago
14.102.152.158,8080,ID,Indonesia,transparent,no,no,11 minutes ago
179.124.240.199,46318,BR,Brazil,elite proxy,no,yes,11 minutes ago
223.25.101.242,59504,ID,Indonesia,elite proxy,no,no,11 minutes ago
103.215.177.181,3127,ID,Indonesia,anonymous,no,yes,11 minutes ago
204.15.243.233,58159,US,United States,elite proxy,no,yes,11 minutes ago
116.90.229.186,59602,NP,Nepal,elite proxy,no,yes,11 minutes ago
45.143.188.253,8080,TR,Turkey,elite proxy,no,no,11 minutes ago
36.90.123.218,8181,ID,Indonesia,elite proxy,no,yes,11 minutes ago
190.214.13.90,21776,EC,Ecuador,elite proxy,no,no,11 minutes ago
182.52.238.44,37758,TH,Thailand,elite proxy,no,yes,11 minutes ago
136.25.2.43,40614,US,United States,elite proxy,no,no,11 minutes ago
95.140.27.135,36316,RU,Russian Federation,elite proxy,no,no,11 minutes ago
103.133.223.116,8080,ID,Indonesia,anonymous,no,yes,12 minutes ago
186.10.237.250,999,CL,Chile,transparent,no,no,12 minutes ago
155.93.255.68,8080,ZA,South Africa,transparent,no,no,12 minutes ago
85.198.250.240,8080,PL,Poland,transparent,no,no,12 minutes ago
194.60.238.105,53281,RU,Russian Federation,transparent,no,no,12 minutes ago
182.253.66.206,3128,ID,Indonesia,transparent,no,no,12 minutes ago
36.66.235.147,57550,ID,Indonesia,transparent,no,no,13 minutes ago
96.9.86.70,41916,KH,Cambodia,elite proxy,no,yes,13 minutes ago
201.151.79.30,8080,MX,Mexico,anonymous,no,yes,13 minutes ago
213.239.218.54,8118,DE,Germany,transparent,no,no,13 minutes ago
103.12.160.200,53281,KH,Cambodia,elite proxy,no,yes,13 minutes ago
27.111.38.109,39850,ID,Indonesia,transparent,no,no,13 minutes ago
101.108.9.251,8080,TH,Thailand,transparent,no,no,14 minutes ago
206.214.211.166,80,US,United States,transparent,no,no,14 minutes ago
94.189.132.47,8080,RS,Serbia,transparent,no,no,16 minutes ago
67.73.177.90,999,US,United States,transparent,no,no,16 minutes ago
190.85.115.78,3128,CO,Colombia,transparent,no,no,16 minutes ago
46.73.33.253,8080,RU,Russian Federation,transparent,no,no,17 minutes ago
1.0.178.217,8080,TH,Thailand,transparent,no,no,17 minutes ago
178.164.133.180,8080,HU,Hungary,transparent,no,no,17 minutes ago
103.206.102.40,8080,IN,India,transparent,no,no,17 minutes ago
88.6.35.92,8080,ES,Spain,transparent,no,no,17 minutes ago
91.0.16.30,8080,DE,Germany,transparent,no,no,17 minutes ago
189.58.66.155,8080,BR,Brazil,transparent,no,no,17 minutes ago
45.181.164.68,8080,AR,Argentina,transparent,no,no,17 minutes ago
131.196.202.234,53281,BR,Brazil,transparent,no,no,17 minutes ago
178.217.106.245,8080,RU,Russian Federation,transparent,no,no,17 minutes ago
14.99.39.14,8080,IN,India,transparent,no,no,17 minutes ago
59.152.98.130,8080,BD,Bangladesh,transparent,no,no,17 minutes ago
89.172.106.227,8080,HR,Croatia,transparent,no,no,17 minutes ago
41.238.49.36,8080,EG,Egypt,transparent,no,no,17 minutes ago
125.161.204.47,8080,ID,Indonesia,transparent,no,no,17 minutes ago
201.75.3.223,8080,BR,Brazil,transparent,no,no,17 minutes ago
180.183.119.68,8080,TH,Thailand,transparent,no,no,17 minutes ago
103.70.145.211,8080,IN,India,transparent,no,no,17 minutes ago
176.100.140.66,8080,RU,Russian Federation,transparent,no,no,17 minutes ago
177.204.238.80,8080,BR,Brazil,transparent,no,no,17 minutes ago
156.204.1.101,8080,EG,Egypt,transparent,no,no,17 minutes ago
149.56.191.12,8080,CA,Canada,transparent,no,no,17 minutes ago
77.237.121.19,8080,HR,Croatia,transparent,no,no,17 minutes ago
14.207.27.148,8080,TH,Thailand,transparent,no,no,17 minutes ago
201.49.232.206,20183,BR,Brazil,transparent,no,no,17 minutes ago
190.229.108.111,8080,AR,Argentina,transparent,no,no,17 minutes ago
177.180.230.12,8080,BR,Brazil,transparent,no,no,17 minutes ago
170.245.94.172,8080,BR,Brazil,transparent,no,no,17 minutes ago
118.175.173.118,8080,TH,Thailand,transparent,no,no,17 minutes ago
187.127.84.82,8080,BR,Brazil,transparent,no,no,17 minutes ago
136.228.131.104,8080,KH,Cambodia,transparent,no,no,17 minutes ago
212.73.73.234,8081,AM,Armenia,transparent,no,no,17 minutes ago
96.9.67.84,8080,KH,Cambodia,transparent,no,no,17 minutes ago
5.3.146.199,8080,RU,Russian Federation,transparent,no,no,17 minutes ago
180.183.118.215,8080,TH,Thailand,transparent,no,no,17 minutes ago
186.232.184.149,8080,BR,Brazil,transparent,no,no,17 minutes ago
83.151.225.191,8080,GB,United Kingdom,transparent,no,no,17 minutes ago
180.183.137.73,8080,TH,Thailand,transparent,no,no,17 minutes ago
124.121.2.65,8080,TH,Thailand,transparent,no,no,17 minutes ago
186.225.242.255,8080,BR,Brazil,transparent,no,no,17 minutes ago
101.109.193.244,8080,TH,Thailand,transparent,no,no,17 minutes ago
151.234.33.55,8080,IR,Iran,transparent,no,no,17 minutes ago
1.10.225.238,8080,TH,Thailand,transparent,no,no,17 minutes ago
94.79.4.53,8080,RU,Russian Federation,transparent,no,no,17 minutes ago
37.59.87.204,8080,FR,France,transparent,no,no,17 minutes ago
193.222.202.50,80,CH,Switzerland,transparent,no,no,17 minutes ago
95.157.69.254,8080,IT,Italy,transparent,no,no,17 minutes ago
192.99.229.36,8080,CA,Canada,transparent,no,no,17 minutes ago
201.184.234.146,8080,CO,Colombia,transparent,no,no,17 minutes ago
79.127.106.202,8080,IR,Iran,transparent,no,no,17 minutes ago
200.37.231.66,8080,PE,Peru,transparent,no,no,17 minutes ago
191.166.246.226,8080,BR,Brazil,transparent,no,no,17 minutes ago
113.53.83.157,8080,TH,Thailand,transparent,no,no,17 minutes ago
120.29.124.131,8080,PH,Philippines,transparent,no,no,17 minutes ago
101.109.108.84,8080,TH,Thailand,transparent,no,no,17 minutes ago
181.57.151.214,8080,CO,Colombia,transparent,no,no,17 minutes ago
119.15.89.106,8080,KH,Cambodia,transparent,no,no,17 minutes ago
134.209.151.179,8080,IN,India,transparent,no,no,17 minutes ago
94.137.34.232,8080,RU,Russian Federation,transparent,no,no,17 minutes ago
58.84.14.157,8080,IN,India,transparent,no,no,17 minutes ago
101.108.110.165,3128,TH,Thailand,transparent,no,no,17 minutes ago
36.90.91.194,80,ID,Indonesia,transparent,no,no,17 minutes ago
212.19.19.210,8080,RU,Russian Federation,transparent,no,no,17 minutes ago
110.39.192.178,8080,PK,Pakistan,transparent,no,no,17 minutes ago
37.104.129.75,8080,SA,Saudi Arabia,transparent,no,no,17 minutes ago
196.2.15.68,8080,BI,Burundi,transparent,no,no,17 minutes ago
177.124.184.52,8080,BR,Brazil,transparent,no,no,17 minutes ago
1.1.221.172,8080,TH,Thailand,transparent,no,no,17 minutes ago
27.145.194.51,80,TH,Thailand,transparent,no,no,17 minutes ago
195.123.245.250,8080,CZ,Czech Republic,transparent,no,no,17 minutes ago
